{"cameraMode":{"drawMode":0,"name":"Shaded","section":"Shading Mode"},"sceneLighting":true,"audioPlay":false,"sceneViewState":{"m_AlwaysRefresh":true,"showFog":true,"showSkybox":true,"showFlares":true,"showImageEffects":true,"showParticleSystems":true,"showVisualEffectGraphs":true,"m_FxEnabled":true},"in2DMode":false,"pivot":{"x":22.864824295043947,"y":31.756084442138673,"z":-23.439834594726564},"rotation":{"x":-0.17961837351322175,"y":-0.1130724549293518,"z":0.020814407616853715,"w":-0.9770599007606506},"size":40.34935760498047,"orthographic":false}