{"cameraMode":{"drawMode":0,"name":"Shaded","section":"Shading Mode"},"sceneLighting":true,"audioPlay":false,"sceneViewState":{"m_AlwaysRefresh":true,"showFog":true,"showSkybox":true,"showFlares":true,"showImageEffects":true,"showParticleSystems":true,"showVisualEffectGraphs":true,"m_FxEnabled":true},"in2DMode":false,"pivot":{"x":489.7611389160156,"y":250.3789520263672,"z":-72.59192657470703},"rotation":{"x":-0.058771803975105289,"y":-0.011383038945496083,"z":0.0006702649407088757,"w":-0.9982066750526428},"size":369.24114990234377,"orthographic":false}