{"cameraMode":{"drawMode":0,"name":"Shaded","section":"Shading Mode"},"sceneLighting":true,"audioPlay":false,"sceneViewState":{"m_AlwaysRefresh":true,"showFog":true,"showSkybox":true,"showFlares":true,"showImageEffects":true,"showParticleSystems":true,"showVisualEffectGraphs":true,"m_FxEnabled":true},"in2DMode":false,"pivot":{"x":22.864824295043947,"y":31.756084442138673,"z":-23.439834594726564},"rotation":{"x":0.09758246690034867,"y":-0.21881909668445588,"z":-0.021992972120642663,"w":-0.9706906676292419},"size":644.6986694335938,"orthographic":false}